Prov/Terr,FED ID,Federal Electoral Districts,Total,Total Income,Net Income,Taxable Income,,,,,,,,,,,,,,,,,,
10,10001,Avalon,71400,3333671000 ,3097160000 ,2994293000 ,,,,,,,,,,,,,,,,,,
10,10002,Bonavista--Burin--Trinity,64220,2442884000 ,2295563000 ,2176714000 ,,,,,,,,,,,,,,,,,,
10,10003,Coast of Bays--Central--Notre Dame,66740,2453971000 ,2293212000 ,2185436000 ,,,,,,,,,,,,,,,,,,
10,10004,Labrador,20830,1168581000 ,1092723000 ,1009531000 ,,,,,,,,,,,,,,,,,,
10,10005,Long Range Mountains,75220,2759306000 ,2575107000 ,2449807000 ,,,,,,,,,,,,,,,,,,
10,10006,St. John's East,66290,3650622000 ,3345620000 ,3260913000 ,,,,,,,,,,,,,,,,,,
10,10007,St. John's South--Mount Pearl,67530,3176066000 ,2935350000 ,2840999000 ,,,,,,,,,,,,,,,,,,
TOTAL,,,432230,18985101000 ,17634735000 ,16917693000 ,,,,,,,,,,,,,,,,,,
11,11001,Cardigan,29290,1168001000 ,1079364000 ,1048956000 ,,,,,,,,,,,,,,,,,,
11,11002,Charlottetown,28480,1123055000 ,1033559000 ,997662000 ,,,,,,,,,,,,,,,,,,
11,11003,Egmont,29510,1043341000 ,971625000 ,933619000 ,,,,,,,,,,,,,,,,,,
11,11004,Malpeque,27260,1092387000 ,1006821000 ,980567000 ,,,,,,,,,,,,,,,,,,
TOTAL,,,114540,4426784000 ,4091369000 ,3960804000 ,,,,,,,,,,,,,,,,,,
12,12001,Cape Breton--Canso,59050,2206047000 ,2048838000 ,1961368000 ,,,,,,,,,,,,,,,,,,
12,12002,Central Nova,58690,2289966000 ,2114482000 ,2037910000 ,,,,,,,,,,,,,,,,,,
12,12003,Cumberland--Colchester,65090,2355837000 ,2185110000 ,2100757000 ,,,,,,,,,,,,,,,,,,
12,12004,Dartmouth--Cole Harbour,73000,3234310000 ,2946913000 ,2881701000 ,,,,,,,,,,,,,,,,,,
12,12005,Halifax,71210,3480190000 ,3198014000 ,3119138000 ,,,,,,,,,,,,,,,,,,
12,12006,Halifax West,71870,3572082000 ,3254860000 ,3196370000 ,,,,,,,,,,,,,,,,,,
12,12007,Kings--Hants,68190,2625884000 ,2422068000 ,2351561000 ,,,,,,,,,,,,,,,,,,
12,12008,Sackville--Preston--Chezzetcook,68630,3135967000 ,2859598000 ,2811326000 ,,,,,,,,,,,,,,,,,,
12,12009,South Shore--St. Margarets,77660,3089749000 ,2846097000 ,2747458000 ,,,,,,,,,,,,,,,,,,
12,12010,Sydney--Victoria,62140,2149063000 ,2000885000 ,1906292000 ,,,,,,,,,,,,,,,,,,
12,12011,West Nova,69140,2366140000 ,2200498000 ,2109514000 ,,,,,,,,,,,,,,,,,,
TOTAL,,,744670,30505235000 ,28077363000 ,27223395000 ,,,,,,,,,,,,,,,,,,
13,13001,Acadie--Bathurst,68140,2338840000 ,2186120000 ,2073346000 ,,,,,,,,,,,,,,,,,,
13,13002,Beauséjour,68490,2697945000 ,2493372000 ,2414425000 ,,,,,,,,,,,,,,,,,,
13,13003,Fredericton,63040,2757048000 ,2505642000 ,2457905000 ,,,,,,,,,,,,,,,,,,
13,13004,Fundy Royal,63510,2711166000 ,2483698000 ,2429359000 ,,,,,,,,,,,,,,,,,,
13,13005,Madawaska--Restigouche,52170,1747286000 ,1622139000 ,1539423000 ,,,,,,,,,,,,,,,,,,
13,13006,Miramichi--Grand Lake,48530,1582635000 ,1477059000 ,1410834000 ,,,,,,,,,,,,,,,,,,
13,13007,Moncton--Riverview--Dieppe,73350,2976955000 ,2732441000 ,2659375000 ,,,,,,,,,,,,,,,,,,
13,13008,New Brunswick Southwest,52640,2093220000 ,1919945000 ,1862728000 ,,,,,,,,,,,,,,,,,,
13,13009,Saint John--Rothesay,63110,2626816000 ,2421745000 ,2347600000 ,,,,,,,,,,,,,,,,,,
13,13010,Tobique--Mactaquac,55410,1970640000 ,1831612000 ,1760434000 ,,,,,,,,,,,,,,,,,,
TOTAL,,,608390,23502551000 ,21673773000 ,20955429000 ,,,,,,,,,,,,,,,,,,
24,24001,Abitibi--Baie-James--Nunavik--Eeyou,62280,2366348000 ,2185192000 ,2033110000 ,,,,,,,,,,,,,,,,,,
24,24002,Abitibi--Témiscamingue,84020,3434705000 ,3173508000 ,3028766000 ,,,,,,,,,,,,,,,,,,
24,24003,Ahuntsic-Cartierville,89800,3521868000 ,3240586000 ,3094759000 ,,,,,,,,,,,,,,,,,,
24,24004,Alfred-Pellan,80210,3523419000 ,3224206000 ,3141164000 ,,,,,,,,,,,,,,,,,,
24,24005,Argenteuil--La Petite-Nation,78350,2890611000 ,2661309000 ,2536887000 ,,,,,,,,,,,,,,,,,,
24,24006,Avignon--La Mitis--Matane--Matapédia,61590,1954516000 ,1813697000 ,1692786000 ,,,,,,,,,,,,,,,,,,
24,24007,Beauce,87380,3177012000 ,2935624000 ,2794220000 ,,,,,,,,,,,,,,,,,,
24,24008,Beauport--Limoilou,78000,2818779000 ,2572215000 ,2441003000 ,,,,,,,,,,,,,,,,,,
24,24009,Bécancour--Nicolet--Saurel,78530,2849922000 ,2606444000 ,2472696000 ,,,,,,,,,,,,,,,,,,
24,24010,Bellechasse--Les Etchemins--Lévis,93430,3739678000 ,3400727000 ,3276020000 ,,,,,,,,,,,,,,,,,,
24,24011,Beloeil--Chambly,92170,4475618000 ,4068772000 ,3975731000 ,,,,,,,,,,,,,,,,,,
24,24012,Berthier--Maskinongé,84610,2921226000 ,2688958000 ,2543341000 ,,,,,,,,,,,,,,,,,,
24,24013,Thérèse-De Blainville,78380,3975113000 ,3623725000 ,3541528000 ,,,,,,,,,,,,,,,,,,
24,24014,Pierre-Boucher--Les Patriotes--Verchères,81200,4375926000 ,3956516000 ,3877144000 ,,,,,,,,,,,,,,,,,,
24,24015,Bourassa,76820,2112415000 ,1975146000 ,1834415000 ,,,,,,,,,,,,,,,,,,
24,24016,Brome--Missisquoi,85040,3445736000 ,3157663000 ,3030514000 ,,,,,,,,,,,,,,,,,,
24,24017,Brossard--Saint-Lambert,85690,4353756000 ,3954789000 ,3852366000 ,,,,,,,,,,,,,,,,,,
24,24018,Rimouski-Neigette--Témiscouata--Les Basques,71540,2593463000 ,2382381000 ,2260496000 ,,,,,,,,,,,,,,,,,,
24,24019,Charlesbourg--Haute-Saint-Charles,85310,3613693000 ,3257354000 ,3181318000 ,,,,,,,,,,,,,,,,,,
24,24020,Beauport--Côte-de-Beaupré--Île d'Orléans--Charlevoix,78310,3227072000 ,2909007000 ,2811018000 ,,,,,,,,,,,,,,,,,,
24,24021,Châteauguay--Lacolle,78630,2998960000 ,2763075000 ,2663513000 ,,,,,,,,,,,,,,,,,,
24,24022,Chicoutimi--Le Fjord,67560,2687589000 ,2434383000 ,2345644000 ,,,,,,,,,,,,,,,,,,
24,24023,Compton--Stanstead,83110,3235786000 ,2968066000 ,2855892000 ,,,,,,,,,,,,,,,,,,
24,24024,Dorval--Lachine--LaSalle,88180,3263956000 ,3008057000 ,2875381000 ,,,,,,,,,,,,,,,,,,
24,24025,Drummond,82210,2883994000 ,2669032000 ,2543991000 ,,,,,,,,,,,,,,,,,,
24,24026,Gaspésie--Les Îles-de-la-Madeleine,67420,2192878000 ,2044387000 ,1889881000 ,,,,,,,,,,,,,,,,,,
24,24027,Gatineau,83450,3563486000 ,3244909000 ,3152541000 ,,,,,,,,,,,,,,,,,,
24,24028,Hochelaga,83950,2958108000 ,2728358000 ,2592046000 ,,,,,,,,,,,,,,,,,,
24,24029,Honoré-Mercier,82700,3049927000 ,2814473000 ,2711204000 ,,,,,,,,,,,,,,,,,,
24,24030,Hull--Aylmer,77910,3591514000 ,3253690000 ,3167509000 ,,,,,,,,,,,,,,,,,,
24,24031,Joliette,84730,2953707000 ,2714077000 ,2569942000 ,,,,,,,,,,,,,,,,,,
24,24032,Jonquière,74200,2933112000 ,2651606000 ,2559497000 ,,,,,,,,,,,,,,,,,,
24,24033,La Pointe-de-l'Île,85290,3142876000 ,2887686000 ,2768265000 ,,,,,,,,,,,,,,,,,,
24,24034,La Prairie,85370,4076311000 ,3712060000 ,3633613000 ,,,,,,,,,,,,,,,,,,
24,24035,Lac-Saint-Jean,87190,3096691000 ,2835917000 ,2702492000 ,,,,,,,,,,,,,,,,,,
24,24036,Lac-Saint-Louis,85620,5020573000 ,4571638000 ,4453227000 ,,,,,,,,,,,,,,,,,,
24,24037,LaSalle--Émard--Verdun,85850,2976316000 ,2752851000 ,2627033000 ,,,,,,,,,,,,,,,,,,
24,24038,Laurentides--Labelle,95640,3566322000 ,3275544000 ,3125186000 ,,,,,,,,,,,,,,,,,,
24,24039,Laurier--Sainte-Marie,86680,3512850000 ,3242883000 ,3103159000 ,,,,,,,,,,,,,,,,,,
24,24040,Laval--Les Îles,82830,3500658000 ,3233647000 ,3134165000 ,,,,,,,,,,,,,,,,,,
24,24041,Longueuil--Charles-LeMoyne,85130,2877206000 ,2657485000 ,2545205000 ,,,,,,,,,,,,,,,,,,
24,24042,Lévis--Lotbinière,88810,4007846000 ,3623408000 ,3537953000 ,,,,,,,,,,,,,,,,,,
24,24043,Longueuil--Saint-Hubert,87680,3748590000 ,3420126000 ,3301874000 ,,,,,,,,,,,,,,,,,,
24,24044,Louis-Hébert,86090,4645881000 ,4167160000 ,4075497000 ,,,,,,,,,,,,,,,,,,
24,24045,Louis-Saint-Laurent,93170,4229769000 ,3802924000 ,3727406000 ,,,,,,,,,,,,,,,,,,
24,24046,Manicouagan,75840,3230564000 ,2971103000 ,2849564000 ,,,,,,,,,,,,,,,,,,
24,24047,Mégantic--L'Érable,72910,2391330000 ,2207791000 ,2081409000 ,,,,,,,,,,,,,,,,,,
24,24048,Mirabel,87440,3615946000 ,3319997000 ,3233905000 ,,,,,,,,,,,,,,,,,,
24,24049,Montarville,77290,4212312000 ,3804424000 ,3746209000 ,,,,,,,,,,,,,,,,,,
24,24050,Montcalm,83120,3117516000 ,2873152000 ,2762923000 ,,,,,,,,,,,,,,,,,,
24,24051,Montmagny--L'Islet--Kamouraska--Rivière-du-Loup,80890,2758462000 ,2549151000 ,2419102000 ,,,,,,,,,,,,,,,,,,
24,24052,Mount Royal,79250,4616189000 ,4251787000 ,4087897000 ,,,,,,,,,,,,,,,,,,
24,24053,Notre-Dame-de-Grâce--Westmount,80760,5732696000 ,5267328000 ,5035837000 ,,,,,,,,,,,,,,,,,,
24,24054,Outremont,74540,3644861000 ,3356687000 ,3234989000 ,,,,,,,,,,,,,,,,,,
24,24055,Papineau,85080,2486454000 ,2315539000 ,2175285000 ,,,,,,,,,,,,,,,,,,
24,24056,Pierrefonds--Dollard,85870,3804564000 ,3482245000 ,3382420000 ,,,,,,,,,,,,,,,,,,
24,24057,Pontiac,86630,3965698000 ,3605427000 ,3500225000 ,,,,,,,,,,,,,,,,,,
24,24058,Portneuf--Jacques-Cartier,89060,4153011000 ,3742286000 ,3638475000 ,,,,,,,,,,,,,,,,,,
24,24059,Québec,79150,3213941000 ,2933872000 ,2813370000 ,,,,,,,,,,,,,,,,,,
24,24060,Repentigny,93660,4094508000 ,3713686000 ,3626527000 ,,,,,,,,,,,,,,,,,,
24,24061,Richmond--Arthabaska,86980,3050409000 ,2808396000 ,2667394000 ,,,,,,,,,,,,,,,,,,
24,24062,Rivière-des-Mille-Îles,83250,3697393000 ,3372235000 ,3288191000 ,,,,,,,,,,,,,,,,,,
24,24063,Rivière-du-Nord,88240,3282624000 ,3021369000 ,2901198000 ,,,,,,,,,,,,,,,,,,
24,24064,Rosemont--La Petite-Patrie,86000,3333547000 ,3063101000 ,2942714000 ,,,,,,,,,,,,,,,,,,
24,24065,Marc-Aurèle-Fortin,78490,3532135000 ,3213971000 ,3145759000 ,,,,,,,,,,,,,,,,,,
24,24066,Saint-Hyacinthe--Bagot,81680,2943946000 ,2721051000 ,2593856000 ,,,,,,,,,,,,,,,,,,
24,24067,Saint-Jean,88730,3515654000 ,3234374000 ,3118329000 ,,,,,,,,,,,,,,,,,,
24,24068,Saint-Laurent,75540,3009219000 ,2773242000 ,2652648000 ,,,,,,,,,,,,,,,,,,
24,24069,Saint-Léonard--Saint-Michel,86190,2492425000 ,2328319000 ,2194549000 ,,,,,,,,,,,,,,,,,,
24,24070,Saint-Maurice--Champlain,92890,3143552000 ,2864547000 ,2710991000 ,,,,,,,,,,,,,,,,,,
24,24071,Salaberry--Suroît,92140,3286774000 ,3035367000 ,2894206000 ,,,,,,,,,,,,,,,,,,
24,24072,Shefford,89690,3314666000 ,3050642000 ,2931582000 ,,,,,,,,,,,,,,,,,,
24,24073,Sherbrooke,88490,3176060000 ,2909067000 ,2766758000 ,,,,,,,,,,,,,,,,,,
24,24074,Vaudreuil--Soulanges,90230,4327128000 ,3960880000 ,3876573000 ,,,,,,,,,,,,,,,,,,
24,24075,Terrebonne,85880,3714623000 ,3397967000 ,3315001000 ,,,,,,,,,,,,,,,,,,
24,24076,Trois-Rivières,91340,3401989000 ,3082647000 ,2933960000 ,,,,,,,,,,,,,,,,,,
24,24077,Ville-Marie--Le Sud-Ouest--Île-des-Soeurs,101340,5424385000 ,5013125000 ,4710933000 ,,,,,,,,,,,,,,,,,,
24,24078,Vimy,88690,3149218000 ,2907898000 ,2785438000 ,,,,,,,,,,,,,,,,,,
TOTAL,,,6509340,266919581000 ,244417934000 ,235099615000 ,,,,,,,,,,,,,,,,,,
35,35001,Ajax,87350,3955540000 ,3627938000 ,3550765000 ,,,,,,,,,,,,,,,,,,
35,35002,Algoma--Manitoulin--Kapuskasing,65190,2446494000 ,2262013000 ,2134731000 ,,,,,,,,,,,,,,,,,,
35,35003,Aurora--Oak Ridges--Richmond Hill,87990,4638080000 ,4221138000 ,4127674000 ,,,,,,,,,,,,,,,,,,
35,35004,Barrie--Innisfil,80170,3689138000 ,3398049000 ,3327794000 ,,,,,,,,,,,,,,,,,,
35,35005,Barrie--Springwater--Oro-Medonte,75610,3443227000 ,3153987000 ,3063241000 ,,,,,,,,,,,,,,,,,,
35,35006,Bay of Quinte,86380,3491976000 ,3200819000 ,3067055000 ,,,,,,,,,,,,,,,,,,
35,35007,Beaches--East York,80500,4373594000 ,4009097000 ,3879343000 ,,,,,,,,,,,,,,,,,,
35,35008,Brampton Centre,77790,2744645000 ,2566719000 ,2478895000 ,,,,,,,,,,,,,,,,,,
35,35009,Brampton East,89940,2958811000 ,2754024000 ,2647341000 ,,,,,,,,,,,,,,,,,,
35,35010,Brampton North,89430,3348348000 ,3104120000 ,3015230000 ,,,,,,,,,,,,,,,,,,
35,35011,Brampton South,89950,3185583000 ,2967392000 ,2858916000 ,,,,,,,,,,,,,,,,,,
35,35012,Brampton West,87890,3202681000 ,2983365000 ,2904308000 ,,,,,,,,,,,,,,,,,,
35,35013,Brantford--Brant,100190,4065387000 ,3759357000 ,3607600000 ,,,,,,,,,,,,,,,,,,
35,35014,Bruce--Grey--Owen Sound,85130,3406128000 ,3133118000 ,2992713000 ,,,,,,,,,,,,,,,,,,
35,35015,Burlington,98120,5719884000 ,5221398000 ,5100285000 ,,,,,,,,,,,,,,,,,,
35,35016,Cambridge,88750,3883801000 ,3608466000 ,3499906000 ,,,,,,,,,,,,,,,,,,
35,35017,Chatham-Kent--Leamington,98970,3668240000 ,3428347000 ,3236925000 ,,,,,,,,,,,,,,,,,,
35,35018,Davenport,82560,3181441000 ,2969796000 ,2842103000 ,,,,,,,,,,,,,,,,,,
35,35019,Don Valley East,73560,3363614000 ,3108223000 ,2984932000 ,,,,,,,,,,,,,,,,,,
35,35020,Don Valley North,90780,3802397000 ,3486658000 ,3362479000 ,,,,,,,,,,,,,,,,,,
35,35021,Don Valley West,77930,8178060000 ,7562196000 ,7325786000 ,,,,,,,,,,,,,,,,,,
35,35022,Dufferin--Caledon,95860,5021303000 ,4614507000 ,4513325000 ,,,,,,,,,,,,,,,,,,
35,35023,Durham,95420,4773705000 ,4359025000 ,4285858000 ,,,,,,,,,,,,,,,,,,
35,35024,Eglinton--Lawrence,86920,7004539000 ,6455016000 ,6261769000 ,,,,,,,,,,,,,,,,,,
35,35025,Elgin--Middlesex--London,88250,3802009000 ,3507883000 ,3380297000 ,,,,,,,,,,,,,,,,,,
35,35026,Essex,94430,4803145000 ,4402599000 ,4277596000 ,,,,,,,,,,,,,,,,,,
35,35027,Etobicoke Centre,93260,5515216000 ,5059770000 ,4919143000 ,,,,,,,,,,,,,,,,,,
35,35028,Etobicoke--Lakeshore,97880,5779421000 ,5316085000 ,5159791000 ,,,,,,,,,,,,,,,,,,
35,35029,Etobicoke North,91730,2680762000 ,2521224000 ,2353997000 ,,,,,,,,,,,,,,,,,,
35,35030,Flamborough--Glanbrook,79190,4123691000 ,3770850000 ,3696707000 ,,,,,,,,,,,,,,,,,,
35,35031,Glengarry--Prescott--Russell,88390,4080824000 ,3722200000 ,3598588000 ,,,,,,,,,,,,,,,,,,
35,35032,Guelph,98700,4722406000 ,4335982000 ,4240032000 ,,,,,,,,,,,,,,,,,,
35,35033,Haldimand--Norfolk,86820,3572932000 ,3289650000 ,3164896000 ,,,,,,,,,,,,,,,,,,
35,35034,Haliburton--Kawartha Lakes--Brock,89750,3698420000 ,3395319000 ,3265048000 ,,,,,,,,,,,,,,,,,,
35,35035,Hamilton Centre,75370,2513869000 ,2360747000 ,2162091000 ,,,,,,,,,,,,,,,,,,
35,35036,Hamilton East--Stoney Creek,86070,3356293000 ,3119263000 ,2985851000 ,,,,,,,,,,,,,,,,,,
35,35037,Hamilton Mountain,82760,3165070000 ,2929904000 ,2816650000 ,,,,,,,,,,,,,,,,,,
35,35038,Hamilton West--Ancaster--Dundas,86010,4630669000 ,4208383000 ,4111951000 ,,,,,,,,,,,,,,,,,,
35,35039,Hastings--Lennox and Addington,83370,3300802000 ,3028844000 ,2897176000 ,,,,,,,,,,,,,,,,,,
35,35040,Huron--Bruce,81250,3829448000 ,3511533000 ,3376654000 ,,,,,,,,,,,,,,,,,,
35,35041,Kanata--Carleton,80610,4797595000 ,4300360000 ,4223844000 ,,,,,,,,,,,,,,,,,,
35,35042,Kenora,45930,1688664000 ,1558565000 ,1480527000 ,,,,,,,,,,,,,,,,,,
35,35043,King--Vaughan,95120,5140616000 ,4734372000 ,4618791000 ,,,,,,,,,,,,,,,,,,
35,35044,Kingston and the Islands,88800,4227555000 ,3834769000 ,3710132000 ,,,,,,,,,,,,,,,,,,
35,35045,Kitchener Centre,80690,3265107000 ,3030544000 ,2912679000 ,,,,,,,,,,,,,,,,,,
35,35046,Kitchener--Conestoga,71300,3558577000 ,3263560000 ,3187484000 ,,,,,,,,,,,,,,,,,,
35,35047,Kitchener South--Hespeler,78520,3639014000 ,3359790000 ,3266928000 ,,,,,,,,,,,,,,,,,,
35,35048,Lambton--Kent--Middlesex,80670,3540670000 ,3251450000 ,3111928000 ,,,,,,,,,,,,,,,,,,
35,35049,Lanark--Frontenac--Kingston,78550,3557856000 ,3247360000 ,3146577000 ,,,,,,,,,,,,,,,,,,
35,35050,Leeds--Grenville--Thousand Islands and Rideau Lakes,82330,3597796000 ,3293154000 ,3183156000 ,,,,,,,,,,,,,,,,,,
35,35051,London--Fanshawe,90380,3193411000 ,2975403000 ,2834173000 ,,,,,,,,,,,,,,,,,,
35,35052,London North Centre,93740,4353709000 ,3987330000 ,3843331000 ,,,,,,,,,,,,,,,,,,
35,35053,London West,95830,4677382000 ,4259056000 ,4149577000 ,,,,,,,,,,,,,,,,,,
35,35054,Markham--Stouffville,93810,4834537000 ,4390517000 ,4289640000 ,,,,,,,,,,,,,,,,,,
35,35055,Markham--Thornhill,86250,3343031000 ,3073907000 ,2951869000 ,,,,,,,,,,,,,,,,,,
35,35056,Markham--Unionville,96110,4462701000 ,4053190000 ,3933537000 ,,,,,,,,,,,,,,,,,,
35,35057,Milton,76020,4066499000 ,3729400000 ,3666825000 ,,,,,,,,,,,,,,,,,,
35,35058,Mississauga Centre,100500,3700899000 ,3431889000 ,3317651000 ,,,,,,,,,,,,,,,,,,
35,35059,Mississauga East--Cooksville,95690,3572123000 ,3317302000 ,3195208000 ,,,,,,,,,,,,,,,,,,
35,35060,Mississauga--Erin Mills,94190,4210603000 ,3854416000 ,3765794000 ,,,,,,,,,,,,,,,,,,
35,35061,Mississauga--Lakeshore,92070,5692213000 ,5218779000 ,5075964000 ,,,,,,,,,,,,,,,,,,
35,35062,Mississauga--Malton,93020,3247500000 ,3025652000 ,2919809000 ,,,,,,,,,,,,,,,,,,
35,35063,Mississauga--Streetsville,92370,4380553000 ,4018553000 ,3927096000 ,,,,,,,,,,,,,,,,,,
35,35064,Nepean,92530,5111663000 ,4595202000 ,4515526000 ,,,,,,,,,,,,,,,,,,
35,35065,Newmarket--Aurora,92640,5061578000 ,4629717000 ,4536045000 ,,,,,,,,,,,,,,,,,,
35,35066,Niagara Centre,87780,3377831000 ,3114789000 ,2975758000 ,,,,,,,,,,,,,,,,,,
35,35067,Niagara Falls,107990,4314433000 ,3966790000 ,3801650000 ,,,,,,,,,,,,,,,,,,
35,35068,Niagara West,69610,3541613000 ,3233506000 ,3158663000 ,,,,,,,,,,,,,,,,,,
35,35069,Nickel Belt,74810,3501732000 ,3224245000 ,3116704000 ,,,,,,,,,,,,,,,,,,
35,35070,Nipissing--Timiskaming,74380,3106459000 ,2854800000 ,2730285000 ,,,,,,,,,,,,,,,,,,
35,35071,Northumberland--Peterborough South,85770,3884580000 ,3545784000 ,3444749000 ,,,,,,,,,,,,,,,,,,
35,35072,Oakville,94670,7661901000 ,7047461000 ,6847832000 ,,,,,,,,,,,,,,,,,,
35,35073,Oakville North--Burlington,91540,5930753000 ,5396222000 ,5304114000 ,,,,,,,,,,,,,,,,,,
35,35074,Oshawa,97940,3921003000 ,3627362000 ,3486793000 ,,,,,,,,,,,,,,,,,,
35,35075,Ottawa Centre,87450,5580551000 ,5055675000 ,4918983000 ,,,,,,,,,,,,,,,,,,
35,35076,Orléans,98630,5591490000 ,4992957000 ,4920945000 ,,,,,,,,,,,,,,,,,,
35,35077,Ottawa South,92100,4463398000 ,4051645000 ,3915392000 ,,,,,,,,,,,,,,,,,,
35,35078,Ottawa--Vanier,84580,4284547000 ,3896535000 ,3728269000 ,,,,,,,,,,,,,,,,,,
35,35079,Ottawa West--Nepean,85710,4167556000 ,3785332000 ,3662698000 ,,,,,,,,,,,,,,,,,,
35,35080,Oxford,94110,4119237000 ,3826266000 ,3680074000 ,,,,,,,,,,,,,,,,,,
35,35081,Parkdale--High Park,79340,4561186000 ,4189540000 ,4052960000 ,,,,,,,,,,,,,,,,,,
35,35082,Parry Sound--Muskoka,74600,3051166000 ,2804856000 ,2699718000 ,,,,,,,,,,,,,,,,,,
35,35083,Perth--Wellington,84680,3630992000 ,3370205000 ,3231138000 ,,,,,,,,,,,,,,,,,,
35,35084,Peterborough--Kawartha,92250,3853599000 ,3516144000 ,3380765000 ,,,,,,,,,,,,,,,,,,
35,35085,Pickering--Uxbridge,86880,4513520000 ,4108279000 ,4027007000 ,,,,,,,,,,,,,,,,,,
35,35086,Renfrew--Nipissing--Pembroke,84260,3549200000 ,3244508000 ,3132000000 ,,,,,,,,,,,,,,,,,,
35,35087,Richmond Hill,93430,4345120000 ,3974114000 ,3844273000 ,,,,,,,,,,,,,,,,,,
35,35088,Carleton,67910,4321815000 ,3877843000 ,3814102000 ,,,,,,,,,,,,,,,,,,
35,35089,St. Catharines,88960,3512555000 ,3240978000 ,3107721000 ,,,,,,,,,,,,,,,,,,
35,35090,Toronto--St. Paul's,83650,7600881000 ,7000252000 ,6814892000 ,,,,,,,,,,,,,,,,,,
35,35091,Sarnia--Lambton,85090,4264150000 ,3895764000 ,3772112000 ,,,,,,,,,,,,,,,,,,
35,35092,Sault Ste. Marie,66370,2750103000 ,2532380000 ,2424674000 ,,,,,,,,,,,,,,,,,,
35,35093,Scarborough--Agincourt,88790,2773180000 ,2559777000 ,2414757000 ,,,,,,,,,,,,,,,,,,
35,35094,Scarborough Centre,86080,2661196000 ,2488222000 ,2349423000 ,,,,,,,,,,,,,,,,,,
35,35095,Scarborough--Guildwood,78610,2459234000 ,2289339000 ,2152065000 ,,,,,,,,,,,,,,,,,,
35,35096,Scarborough North,84130,2344668000 ,2178453000 ,2045882000 ,,,,,,,,,,,,,,,,,,
35,35097,Scarborough--Rouge Park,79550,3071344000 ,2823892000 ,2713163000 ,,,,,,,,,,,,,,,,,,
35,35098,Scarborough Southwest,83160,3069450000 ,2850867000 ,2702164000 ,,,,,,,,,,,,,,,,,,
35,35099,Simcoe--Grey,99260,4631965000 ,4250427000 ,4133115000 ,,,,,,,,,,,,,,,,,,
35,35100,Simcoe North,92500,3701205000 ,3403205000 ,3273572000 ,,,,,,,,,,,,,,,,,,
35,35101,Spadina--Fort York,83380,5392627000 ,4980692000 ,4868344000 ,,,,,,,,,,,,,,,,,,
35,35102,Stormont--Dundas--South Glengarry,82110,3168341000 ,2927643000 ,2781086000 ,,,,,,,,,,,,,,,,,,
35,35103,Sudbury,73920,3418607000 ,3144998000 ,3026237000 ,,,,,,,,,,,,,,,,,,
35,35104,Thornhill,93120,5050324000 ,4604854000 ,4467059000 ,,,,,,,,,,,,,,,,,,
35,35105,Thunder Bay--Rainy River,65440,2758356000 ,2525685000 ,2424850000 ,,,,,,,,,,,,,,,,,,
35,35106,Thunder Bay--Superior North,65310,2902324000 ,2656322000 ,2555075000 ,,,,,,,,,,,,,,,,,,
35,35107,Timmins--James Bay,63770,2713808000 ,2522145000 ,2408890000 ,,,,,,,,,,,,,,,,,,
35,35108,Toronto Centre,76320,3981636000 ,3685618000 ,3527889000 ,,,,,,,,,,,,,,,,,,
35,35109,Toronto--Danforth,79950,4141294000 ,3792864000 ,3670272000 ,,,,,,,,,,,,,,,,,,
35,35110,University--Rosedale,89930,7469514000 ,6915986000 ,6620230000 ,,,,,,,,,,,,,,,,,,
35,35111,Vaughan--Woodbridge,83030,4128123000 ,3799626000 ,3700659000 ,,,,,,,,,,,,,,,,,,
35,35112,Waterloo,83570,4526089000 ,4122869000 ,4025153000 ,,,,,,,,,,,,,,,,,,
35,35113,Wellington--Halton Hills,91870,5172729000 ,4735021000 ,4629868000 ,,,,,,,,,,,,,,,,,,
35,35114,Whitby,94370,5121283000 ,4662682000 ,4581575000 ,,,,,,,,,,,,,,,,,,
35,35115,Willowdale,104990,4389237000 ,4052107000 ,3927238000 ,,,,,,,,,,,,,,,,,,
35,35116,Windsor--Tecumseh,93620,3988999000 ,3691295000 ,3534992000 ,,,,,,,,,,,,,,,,,,
35,35117,Windsor West,94370,3388752000 ,3152564000 ,2964974000 ,,,,,,,,,,,,,,,,,,
35,35118,York Centre,82130,3335772000 ,3099744000 ,2960922000 ,,,,,,,,,,,,,,,,,,
35,35119,York--Simcoe,76210,3504813000 ,3233828000 ,3152950000 ,,,,,,,,,,,,,,,,,,
35,35120,York South--Weston,89350,2843219000 ,2682325000 ,2510672000 ,,,,,,,,,,,,,,,,,,
35,35121,Humber River--Black Creek,84620,2240560000 ,2127614000 ,1952843000 ,,,,,,,,,,,,,,,,,,
TOTAL,,,10401230,487793465000 ,448204137000 ,433309723000 ,,,,,,,,,,,,,,,,,,
46,46001,Brandon--Souris,67230,2943166000 ,2723598000 ,2610072000 ,,,,,,,,,,,,,,,,,,
46,46002,Charleswood--St. James--Assiniboia--Headingley,65200,3288367000 ,3000269000 ,2952700000 ,,,,,,,,,,,,,,,,,,
46,46003,Churchill--Keewatinook Aski,55890,1397478000 ,1306838000 ,1208842000 ,,,,,,,,,,,,,,,,,,
46,46004,Dauphin--Swan River--Neepawa,68520,2433956000 ,2272511000 ,2119252000 ,,,,,,,,,,,,,,,,,,
46,46005,Elmwood--Transcona,70170,2713385000 ,2512098000 ,2462885000 ,,,,,,,,,,,,,,,,,,
46,46006,Kildonan--St. Paul,66410,3060087000 ,2813652000 ,2762081000 ,,,,,,,,,,,,,,,,,,
46,46007,Portage--Lisgar,69980,2751787000 ,2563415000 ,2443239000 ,,,,,,,,,,,,,,,,,,
46,46008,Provencher,71160,2956085000 ,2744683000 ,2667813000 ,,,,,,,,,,,,,,,,,,
46,46009,Saint Boniface--Saint Vital,69460,3297141000 ,3016878000 ,2957020000 ,,,,,,,,,,,,,,,,,,
46,46010,Selkirk--Interlake--Eastman,73810,3095979000 ,2852457000 ,2771564000 ,,,,,,,,,,,,,,,,,,
46,46011,Winnipeg Centre,68140,2103038000 ,1979363000 ,1865994000 ,,,,,,,,,,,,,,,,,,
46,46012,Winnipeg North,70200,2150136000 ,2017498000 ,1934207000 ,,,,,,,,,,,,,,,,,,
46,46013,Winnipeg South,75200,3539949000 ,3214423000 ,3168148000 ,,,,,,,,,,,,,,,,,,
46,46014,Winnipeg South Centre,72290,4253683000 ,3893285000 ,3830301000 ,,,,,,,,,,,,,,,,,,
TOTAL,,,963660,39984237000 ,36910968000 ,35754118000 ,,,,,,,,,,,,,,,,,,
47,47001,Battlefords--Lloydminster,55240,2571976000 ,2418231000 ,2314985000 ,,,,,,,,,,,,,,,,,,
47,47002,Cypress Hills--Grasslands,55130,2636433000 ,2464561000 ,2314744000 ,,,,,,,,,,,,,,,,,,
47,47003,Desnethé--Missinippi--Churchill River,46330,1324929000 ,1240423000 ,1147770000 ,,,,,,,,,,,,,,,,,,
47,47004,Carlton Trail--Eagle Creek,56970,2764431000 ,2582706000 ,2475412000 ,,,,,,,,,,,,,,,,,,
47,47005,Moose Jaw--Lake Centre--Lanigan,61160,3022516000 ,2803747000 ,2678313000 ,,,,,,,,,,,,,,,,,,
47,47006,Prince Albert,67010,2836019000 ,2642507000 ,2511742000 ,,,,,,,,,,,,,,,,,,
47,47007,Regina--Lewvan,69640,3924396000 ,3595646000 ,3529367000 ,,,,,,,,,,,,,,,,,,
47,47008,Regina--Qu'Appelle,57490,2518267000 ,2341076000 ,2234429000 ,,,,,,,,,,,,,,,,,,
47,47009,Regina--Wascana,65040,3596341000 ,3307392000 ,3221579000 ,,,,,,,,,,,,,,,,,,
47,47010,Saskatoon--Grasswood,63200,3615356000 ,3330568000 ,3246671000 ,,,,,,,,,,,,,,,,,,
47,47011,Saskatoon--University,60670,3490706000 ,3205339000 ,3145075000 ,,,,,,,,,,,,,,,,,,
47,47012,Saskatoon West,64310,2763336000 ,2587875000 ,2472043000 ,,,,,,,,,,,,,,,,,,
47,47013,Souris--Moose Mountain,59520,3360852000 ,3154163000 ,3020610000 ,,,,,,,,,,,,,,,,,,
47,47014,Yorkton--Melville,55990,2431579000 ,2271367000 ,2138946000 ,,,,,,,,,,,,,,,,,,
TOTAL,,,837700,40857137000 ,37945601000 ,36451686000 ,,,,,,,,,,,,,,,,,,
48,48001,Banff--Airdrie,96540,6818400000 ,6321383000 ,6165985000 ,,,,,,,,,,,,,,,,,,
48,48002,Battle River--Crowfoot,85250,4450666000 ,4176303000 ,3989481000 ,,,,,,,,,,,,,,,,,,
48,48003,Bow River,85770,4675833000 ,4385796000 ,4247346000 ,,,,,,,,,,,,,,,,,,
48,48004,Calgary Centre,105930,10365857000 ,9736574000 ,9344159000 ,,,,,,,,,,,,,,,,,,
48,48005,Calgary Confederation,91600,7104671000 ,6577518000 ,6393028000 ,,,,,,,,,,,,,,,,,,
48,48006,Calgary Forest Lawn,87620,3469157000 ,3284742000 ,3157529000 ,,,,,,,,,,,,,,,,,,
48,48007,Calgary Heritage,88750,6546034000 ,6051760000 ,5894801000 ,,,,,,,,,,,,,,,,,,
48,48008,Calgary Midnapore,93780,6518490000 ,6035403000 ,5919643000 ,,,,,,,,,,,,,,,,,,
48,48009,Calgary Nose Hill,90800,5424810000 ,5004255000 ,4869967000 ,,,,,,,,,,,,,,,,,,
48,48010,Calgary Rocky Ridge,93710,6667376000 ,6124128000 ,5999224000 ,,,,,,,,,,,,,,,,,,
48,48011,Calgary Shepard,101960,6825118000 ,6333023000 ,6229476000 ,,,,,,,,,,,,,,,,,,
48,48012,Calgary Signal Hill,89230,7923816000 ,7344856000 ,7138668000 ,,,,,,,,,,,,,,,,,,
48,48013,Calgary Skyview,98380,3951436000 ,3722871000 ,3630961000 ,,,,,,,,,,,,,,,,,,
48,48014,Edmonton Centre,88830,5203034000 ,4851624000 ,4708948000 ,,,,,,,,,,,,,,,,,,
48,48015,Edmonton Griesbach,90020,3764995000 ,3543495000 ,3343694000 ,,,,,,,,,,,,,,,,,,
48,48016,Edmonton Manning,88790,4426309000 ,4121478000 ,4019824000 ,,,,,,,,,,,,,,,,,,
48,48017,Edmonton Mill Woods,89200,4201752000 ,3924799000 ,3835539000 ,,,,,,,,,,,,,,,,,,
48,48018,Edmonton Riverbend,92030,6833230000 ,6273933000 ,6170932000 ,,,,,,,,,,,,,,,,,,
48,48019,Edmonton Strathcona,82310,4913564000 ,4535840000 ,4440151000 ,,,,,,,,,,,,,,,,,,
48,48020,Edmonton West,90320,5356672000 ,4971301000 ,4872787000 ,,,,,,,,,,,,,,,,,,
48,48021,Edmonton--Wetaskiwin,105540,6528151000 ,6078287000 ,5962047000 ,,,,,,,,,,,,,,,,,,
48,48022,Foothills,86700,6559996000 ,6133618000 ,5908081000 ,,,,,,,,,,,,,,,,,,
48,48023,Fort McMurray--Cold Lake,87840,7603800000 ,7217082000 ,7066986000 ,,,,,,,,,,,,,,,,,,
48,48024,Grande Prairie--Mackenzie,91700,5738682000 ,5435332000 ,5171294000 ,,,,,,,,,,,,,,,,,,
48,48025,Lakeland,88540,5010396000 ,4723558000 ,4529153000 ,,,,,,,,,,,,,,,,,,
48,48026,Lethbridge,86640,4204306000 ,3891862000 ,3764158000 ,,,,,,,,,,,,,,,,,,
48,48027,Medicine Hat--Cardston--Warner,82660,3997967000 ,3736648000 ,3597650000 ,,,,,,,,,,,,,,,,,,
48,48028,Peace River--Westlock,81120,4031808000 ,3814518000 ,3601176000 ,,,,,,,,,,,,,,,,,,
48,48029,Red Deer--Mountain View,89420,5401639000 ,5054249000 ,4910348000 ,,,,,,,,,,,,,,,,,,
48,48030,Red Deer--Lacombe,97440,5372612000 ,5054262000 ,4911343000 ,,,,,,,,,,,,,,,,,,
48,48031,St. Albert--Edmonton,89090,5628395000 ,5166681000 ,5089343000 ,,,,,,,,,,,,,,,,,,
48,48032,Sherwood Park--Fort Saskatchewan,92310,6814634000 ,6298088000 ,6197059000 ,,,,,,,,,,,,,,,,,,
48,48033,Sturgeon River--Parkland,91880,5850587000 ,5451514000 ,5340786000 ,,,,,,,,,,,,,,,,,,
48,48034,Yellowhead,77240,4398231000 ,4153017000 ,4039334000 ,,,,,,,,,,,,,,,,,,
TOTAL,,,3078940,192582424000 ,179529798000 ,174460901000 ,,,,,,,,,,,,,,,,,,
59,59001,Abbotsford,76560,3003825000 ,2790018000 ,2685133000 ,,,,,,,,,,,,,,,,,,
59,59002,Burnaby North--Seymour,81560,3902986000 ,3573968000 ,3478659000 ,,,,,,,,,,,,,,,,,,
59,59003,Burnaby South,92070,3476347000 ,3198795000 ,3084060000 ,,,,,,,,,,,,,,,,,,
59,59004,Cariboo--Prince George,84270,3734145000 ,3465637000 ,3351147000 ,,,,,,,,,,,,,,,,,,
59,59005,Central Okanagan--Similkameen--Nicola,90220,3921875000 ,3630876000 ,3508489000 ,,,,,,,,,,,,,,,,,,
59,59006,Chilliwack--Hope,76380,3051570000 ,2828246000 ,2718320000 ,,,,,,,,,,,,,,,,,,
59,59007,Cloverdale--Langley City,83710,3749917000 ,3458740000 ,3375880000 ,,,,,,,,,,,,,,,,,,
59,59008,Coquitlam--Port Coquitlam,94720,4039555000 ,3711102000 ,3608889000 ,,,,,,,,,,,,,,,,,,
59,59009,Courtenay--Alberni,94770,3895518000 ,3574072000 ,3437237000 ,,,,,,,,,,,,,,,,,,
59,59010,Cowichan--Malahat--Langford,85030,3677014000 ,3377395000 ,3267244000 ,,,,,,,,,,,,,,,,,,
59,59011,Delta,81360,4007423000 ,3666750000 ,3569730000 ,,,,,,,,,,,,,,,,,,
59,59012,Fleetwood--Port Kells,90060,3319032000 ,3068914000 ,2961719000 ,,,,,,,,,,,,,,,,,,
59,59013,Kamloops--Thompson--Cariboo,99540,4455473000 ,4107687000 ,3986279000 ,,,,,,,,,,,,,,,,,,
59,59014,Kelowna--Lake Country,94180,4573194000 ,4230771000 ,4109928000 ,,,,,,,,,,,,,,,,,,
59,59015,Kootenay--Columbia,88870,3977379000 ,3685876000 ,3580150000 ,,,,,,,,,,,,,,,,,,
59,59016,Langley--Aldergrove,87490,4276938000 ,3946350000 ,3847457000 ,,,,,,,,,,,,,,,,,,
59,59017,Mission--Matsqui--Fraser Canyon,69690,2560009000 ,2385646000 ,2281941000 ,,,,,,,,,,,,,,,,,,
59,59018,Nanaimo--Ladysmith,96610,4065379000 ,3742146000 ,3610263000 ,,,,,,,,,,,,,,,,,,
59,59019,New Westminster--Burnaby,89110,3587648000 ,3308928000 ,3193918000 ,,,,,,,,,,,,,,,,,,
59,59020,North Okanagan--Shuswap,102310,4281360000 ,3975703000 ,3823095000 ,,,,,,,,,,,,,,,,,,
59,59021,North Vancouver,91160,5131038000 ,4691398000 ,4584276000 ,,,,,,,,,,,,,,,,,,
59,59022,Pitt Meadows--Maple Ridge,74970,3444734000 ,3178545000 ,3097945000 ,,,,,,,,,,,,,,,,,,
59,59023,Port Moody--Coquitlam,86230,4055044000 ,3716821000 ,3627157000 ,,,,,,,,,,,,,,,,,,
59,59024,Prince George--Peace River--Northern Rockies,85220,4689764000 ,4410660000 ,4219924000 ,,,,,,,,,,,,,,,,,,
59,59025,Richmond Centre,83130,3016979000 ,2765580000 ,2666671000 ,,,,,,,,,,,,,,,,,,
59,59026,Esquimalt--Saanich--Sooke,85210,3816668000 ,3487108000 ,3402622000 ,,,,,,,,,,,,,,,,,,
59,59027,Saanich--Gulf Islands,86530,4496897000 ,4081027000 ,3981257000 ,,,,,,,,,,,,,,,,,,
59,59028,Skeena--Bulkley Valley,67670,2847154000 ,2639647000 ,2543888000 ,,,,,,,,,,,,,,,,,,
59,59029,South Okanagan--West Kootenay,99140,4060673000 ,3751766000 ,3607079000 ,,,,,,,,,,,,,,,,,,
59,59030,South Surrey--White Rock,81130,4655232000 ,4247743000 ,4140537000 ,,,,,,,,,,,,,,,,,,
59,59031,Steveston--Richmond East,84020,3103282000 ,2853015000 ,2755679000 ,,,,,,,,,,,,,,,,,,
59,59032,Surrey Centre,89170,2622427000 ,2471287000 ,2322786000 ,,,,,,,,,,,,,,,,,,
59,59033,Surrey--Newton,83600,2592837000 ,2434110000 ,2313208000 ,,,,,,,,,,,,,,,,,,
59,59034,Vancouver Centre,105260,6720512000 ,6206964000 ,6027198000 ,,,,,,,,,,,,,,,,,,
59,59035,Vancouver East,89820,3496782000 ,3239651000 ,3068101000 ,,,,,,,,,,,,,,,,,,
59,59036,Vancouver Granville,84660,5175956000 ,4746777000 ,4626544000 ,,,,,,,,,,,,,,,,,,
59,59037,North Island--Powell River,83660,3581235000 ,3297632000 ,3176167000 ,,,,,,,,,,,,,,,,,,
59,59038,Vancouver Kingsway,83910,2944050000 ,2721806000 ,2613427000 ,,,,,,,,,,,,,,,,,,
59,59039,Vancouver Quadra,79660,5561679000 ,5094158000 ,4976786000 ,,,,,,,,,,,,,,,,,,
59,59040,Vancouver South,82130,2812447000 ,2598961000 ,2487376000 ,,,,,,,,,,,,,,,,,,
59,59041,Victoria,101400,5144973000 ,4711342000 ,4582324000 ,,,,,,,,,,,,,,,,,,
59,59042,West Vancouver--Sunshine Coast--Sea to Sky Country,96610,5998969000 ,5543621000 ,5389555000 ,,,,,,,,,,,,,,,,,,
TOTAL,,,3662800,165525919000 ,152617239000 ,147690045000 ,,,,,,,,,,,,,,,,,,
60,60001,Yukon,27560,1459519000 ,1343607000 ,1214719000 ,,,,,,,,,,,,,,,,,,
TOTAL,,,27560,1459519000 ,1343607000 ,1214719000 ,,,,,,,,,,,,,,,,,,
61,61001,Northwest Territories,31340,1839549000 ,1703192000 ,1568148000 ,,,,,,,,,,,,,,,,,,
TOTAL,,,31340,1839549000 ,1703192000 ,1568148000 ,,,,,,,,,,,,,,,,,,
62,62001,Nunavut,20680,978974000 ,917838000 ,822697000 ,,,,,,,,,,,,,,,,,,
TOTAL,,,20680,978974000 ,917838000 ,822697000 ,,,,,,,,,,,,,,,,,,
TOTAL,,,27433080,1275360476000 ,1175067554000 ,1135428973000 ,,,,,,,,,,,,,,,,,,
